title,author,ImageURL,Watched,Collected
"
偷偷藏不住 ",竹已,https://img.czbooks.net/thumbnail/2aa10348f5529db294322b901715e125.jpg, 38102, 3540521
"
她變得又撩又甜 ",紫青悠,https://img.czbooks.net/thumbnail/e3e297d3f3e757ee19d5396d8b15229e.jpg, 26448, 2230274
"
難哄 ",竹已,https://img.czbooks.net/thumbnail/1b694824818b4c3e6457d2ad3f548ed6.jpg, 26080, 2087004
"
王府寵妾 ",假面的盛宴,https://img.czbooks.net/thumbnail/a7791331372415c92dd6272802d96f07.jpg, 14608, 1943360
"
成了霸總的心尖寵 ",半截白菜,https://img.czbooks.net/thumbnail/9579858471a72f6b3bb567c88905e62c.jpg, 14335, 1683978
"
錯撩 / 以愛為營 ",翹搖,https://img.czbooks.net/thumbnail/9a8f2ee1cf1ac2cc85fa5e9dac18a6c9.jpg, 15334, 1461536
"
為所欲為 ",西方經濟學,https://img.czbooks.net/thumbnail/f3c0c806d1030a570856262c4a7ce11a.jpg, 12755, 1438554
"
偏寵卿卿 ",花日緋,https://img.czbooks.net/thumbnail/a152c2c7207451fd622b898140a11b62.jpg, 16055, 1384698
"
黑月光拿穩BE劇本 (長月燼明) ",藤蘿為枝,https://img.czbooks.net/thumbnail/1e5c1f2055025724a4aa3d3c20abda27.jpg, 13940, 1372948
"
戒不掉的喜歡 ",陌言川,https://img.czbooks.net/thumbnail/611abe3fdf1ab5a1db0dcebda3b8eb79.jpg, 16304, 1347872
"
他只對她溫柔 ",綰酒,https://img.czbooks.net/thumbnail/9a9c74cb5c85a09afd3f283d77367258.jpg, 12159, 1310787
"
神醫嫡女 ",楊十六,https://img.czbooks.net/thumbnail/d0e4da0dcab4cf496723d429a07c78bb.jpg, 22000, 1279709
"
太子妃嬌寵日常 ",我要成仙,https://img.czbooks.net/thumbnail/ba803f4190c93606c9ea361f9a33c10e.jpg, 15253, 1271290
"
武煉巔峰 ",莫默,https://img.uukanshu.com/fengmian/2012/10/634865275395707500.jpg, 15020, 1169541
"
全家偷聽我心聲殺瘋了，我負責吃奶 ",夏聲聲,https://cdn.shucdn.com/files/article/image/55/55408/55408s.jpg, 11812, 1143178
"
真千金她是全能大佬 ",卿淺,https://czbooks.net/images/default_no_thumbnail.jpg, 12160, 1095298
"
在異世界迷宮開後宮 ",蘇我捨恥,https://img.czbooks.net/thumbnail/043bd0bec4f68952327b3db96246dac9.jpg, 4981, 998942
"
對你不止是喜歡 ",陌言川,https://img.czbooks.net/thumbnail/5262b41a65111eb6e850ed7300b9f41a.jpg, 10697, 983004
"
詭秘之主 ",愛潛水的烏賊,https://img.uukanshu.com/fengmian/2018/4/636583286601108689.jpg, 19934, 971488
"
我的老公是冥王 ",見字如面,https://img.czbooks.net/thumbnail/bdddd678cc5b93489b0f88a74801ff63.jpg, 12737, 946796
"
甜婚 ",無影有蹤,https://img.czbooks.net/thumbnail/4fd9e082670efba873dcf6fd1c1865d4.jpg, 9519, 935946
"
掌心寵 ",泊煙,https://img.czbooks.net/thumbnail/5754ee76e63fbabbd37157818bce7b62.jpg, 8800, 930528
"
偏偏寵愛（原名：病態寵愛） ",藤蘿為枝,https://img.czbooks.net/thumbnail/89bdbc4ebd5fe72cdbfe1966fbfa8163.jpg, 10861, 925502
"
白日夢我 ",棲見,https://img.czbooks.net/thumbnail/9d459a603e2105e2eeb198f8789a75a8.jpg, 11186, 886303
"
山河枕（長嫂為妻） ",墨書白,https://img.czbooks.net/thumbnail/028329bbd69bda70cdb8f4b930133310.jpg, 11082, 879285
"
你是我的榮耀 ",顧漫,https://img.czbooks.net/thumbnail/bfe98b303df14205fdbaeeaffd9dac1c.jpg, 11596, 878790
"
不要在垃圾桶裡撿男朋友[快穿] ",騎鯨南去,https://img.czbooks.net/thumbnail/01b4960fc01494f0a1db624904afd6fe.jpg, 12763, 865846
"
超級吞噬系統 ",月落歌不落,https://img.czbooks.net/thumbnail/65f9fe917392b0ced76af0a0c1b9213e.jpg, 20181, 842428
"
黑蓮花攻略手冊 ",白羽摘雕弓,https://img.czbooks.net/thumbnail/de7547157cbe0716d1d6ee5590fb1d7a.jpg, 10998, 824360
"
滿級綠茶穿成小可憐 ",春刀寒,https://czbooks.net/images/default_no_thumbnail.jpg, 13671, 823955
"
神道丹尊 ",孤單地飛,https://img.uukanshu.com/fengmian/2020/12/33897.jpg, 14167, 813059
"
偏執寵愛 ",甜醋魚,https://img.czbooks.net/thumbnail/f61620ab539bdd108fac9bb567bbc6e7.jpg, 9234, 757851
"
大奉打更人 ",賣報小郎君,https://img.uukanshu.com/fengmian/2020/3/637199119612109078.jpg, 16951, 738826
"
離婚後，總裁他急了 ",魚尾,https://cdn.shucdn.com/files/article/image/9986/9986513/9986513s.jpg, 4369, 730023
"
女配不摻和（快穿） ",風流書呆,https://img.czbooks.net/thumbnail/d3a992785763581be680e50e1b061d83.jpg, 6494, 728400
"
太子妃很忙 ",元月月半,https://img.czbooks.net/thumbnail/8799d2a061f9b8cb5f043d98f64824dd.jpg, 8679, 716984
"
坤寧_時鏡【完結】 (寧安如夢) ",時鏡,https://czbooks.net/images/default_no_thumbnail.jpg, 6531, 700299
"
全職法師 ",亂,https://qidian.qpic.cn/qdbimg/349573/3489766/180, 18441, 699363
"
修真聊天群 ",聖騎士的傳說,https://qidian.qpic.cn/qdbimg/349573/3602691/180, 15881, 687480
"
折腰 ",蓬萊客,https://img.czbooks.net/thumbnail/982fd21af07e7d6f868aa0714f149e9a.jpg, 7111, 684696
"
魔鬼的體溫 ",藤蘿為枝,https://img.czbooks.net/thumbnail/6417edbab5428064eefe6ee9a6cba1ef.jpg, 8982, 684255
"
九星霸體訣 ",平凡魔術師,https://img.uukanshu.net/fengmian/2017/11/636461111252456193.jpg, 11429, 664002
"
忽如一夜病嬌來 ",風流書呆,https://img.czbooks.net/thumbnail/98e30c091d653164b5ec1702f0be3528.jpg, 9437, 658859
"
如果月亮不抱你 ",六盲星,https://img.czbooks.net/thumbnail/d9985f5e87657ac0d771a2b664e712c5.jpg, 9770, 655538
"
老婆粉了解一下[娛樂圈] ",春刀寒,https://img.czbooks.net/thumbnail/6d352cbeea1859c18ca3992b9143d7ad.jpg, 8956, 648084
"
妖刀記 ",默默猴,https://img.czbooks.net/thumbnail/1fd29ac49c069823f39abd337a59ac90.jpg, 8678, 641287
"
首輔大人的小青梅[重生]_八月於夏【完結】 ",八月於夏,https://czbooks.net/images/default_no_thumbnail.jpg, 8220, 625982
"
薛家小媳婦 ",笑佳人,https://img.czbooks.net/thumbnail/2f955d503cb274e92ddf043217af9496.jpg, 4477, 621677
"
他最野了 ",曲小蛐,https://img.czbooks.net/thumbnail/e4e980258b35839d0dc2576d20570972.jpg, 8276, 618178
"
影帝的隱婚妻子 ",雪花肉,https://img.czbooks.net/thumbnail/72512fc4015d6f6b6bf1d665a1d6d28a.jpg, 8878, 617580
"
絲絲入骨 ",西方經濟學,https://img.czbooks.net/thumbnail/f98c2fc37bc52ae3f5771abbeb1ceb20.jpg, 5545, 597915
"
他的浪漫 ",時星草,https://img.czbooks.net/thumbnail/f2942f4545ea0b41f0a9752b05ddca3a.jpg, 6908, 593549
"
告白_應橙【完結+番外】 ",應橙,https://czbooks.net/images/default_no_thumbnail.jpg, 6657, 589037
"
奶油味暗戀（全世界最好的你） ",竹已,https://img.czbooks.net/thumbnail/50cb13713ddf88e1cfbc03d68ab02ae5.jpg, 10114, 583570
"
含嬌 ",眠風枕月,https://img.czbooks.net/thumbnail/645cc7705e707101a283bd71344a7218.jpg, 4314, 580021
"
萬相之王 ",天蠶土豆,https://img.uukanshu.com/fengmian/2021/4/637536716417256324.jpg, 8360, 569039
"
職業替身 ",水千丞,https://img.czbooks.net/thumbnail/367c7e66e9490cb612f25f6b6b9e48d9.jpg, 5447, 557261
"
贅婿 ",憤怒的香蕉,https://img.czbooks.net/thumbnail/dcc4ede3c8a19fc7f469be0677cab749.jpg, 4074, 554125
"
她太甜 ",半截白菜,https://img.czbooks.net/thumbnail/9ef166d1650b50caf5208afbabef06f8.jpg, 4785, 544171
"
嫡嫁千金 ",千山茶客,https://img.czbooks.net/thumbnail/5b533ee8e662fe194c4a49a687912f95.jpg, 5591, 536442
"
女配的分手日常[穿書] ",da青蛙,https://img.czbooks.net/thumbnail/24cbb9cea4dac1a9d77cf0c1ae1e3f8c.jpg, 6993, 533956
"
放不下 ",半截白菜,https://img.czbooks.net/thumbnail/a678f58e2bdefd86f1e6f773b89c6490.jpg, 3505, 533395
"
逍遙小散仙 ",迷男,https://czbooks.net/images/default_no_thumbnail.jpg, 5559, 530557
"
偏執太子是我前夫[重生]_八月於夏【完結+番外】 ",八月於夏,https://czbooks.net/images/default_no_thumbnail.jpg, 6282, 529568
"
慶餘年 ",貓膩,https://img.czbooks.net/thumbnail/53b95dec4d1e78ddbf7a29a546434570.jpg, 13666, 522756
"
她病得不輕/當我飛奔向你 ",竹已,https://czbooks.net/images/default_no_thumbnail.jpg, 7432, 521339
"
國色生香 ",笑佳人,https://img.czbooks.net/thumbnail/ee65c4200394d7b2ed7dcf09f97bd143.jpg, 4873, 521043
"
你也有今天 ",葉斐然,https://img.czbooks.net/thumbnail/7b7c8082629af6e978d629eb4f1c1b1d.jpg, 8291, 517776
"
在冷漠的他懷裏撒個嬌 ",春風榴火,https://img.czbooks.net/thumbnail/a931fe813638970cf79851127f085afc.jpg, 9062, 516655
"
他那麼撩 ",曲小蛐,https://img.czbooks.net/thumbnail/1051863f806e99d6a107158f948da2d8.jpg, 7858, 506009
